Date,Exchange Rate
3/14/2025,882077.1356
3/12/2025,862085.4418
3/11/2025,856254.65
3/10/2025,860529.8672
3/7/2025,859015.7337
3/6/2025,863128.8301
3/5/2025,858515.428
3/4/2025,852179.4665
3/3/2025,847586.536
2/28/2025,849806.7334
2/27/2025,861531.2883
2/25/2025,872496.5186
2/24/2025,868129.3051
2/21/2025,871155.9035
2/20/2025,871637.2502
2/19/2025,868693.3423
2/18/2025,855599.0053
2/17/2025,856043.5311
2/14/2025,868271.4846
2/13/2025,863775.3163
2/11/2025,874660.0915
2/10/2025,855438.9361
2/7/2025,855983.5596
2/6/2025,858251.4884
2/5/2025,852685.8229
2/3/2025,826538.6041
1/31/2025,832105.7482
1/30/2025,818623.7509
1/29/2025,823644.5607
1/28/2025,817623.9991
1/27/2025,823016.0459
1/24/2025,827413.2259
1/23/2025,822605.3439
1/22/2025,817574.8212
1/21/2025,807898.4274
1/20/2025,799984.9527
1/17/2025,805077.147
1/16/2025,796054.5699
1/15/2025,786893.231
1/10/2025,790525.3188
1/9/2025,786922.3796
1/8/2025,783900.5376
1/7/2025,778116.038
1/6/2025,775988.9564
1/3/2025,779943.7303
1/2/2025,773285.6394
1/1/2025,769023.6765
12/31/2024,763459.5484
12/30/2024,768331.1874
12/27/2024,774237.5461
12/26/2024,778557.7168
12/24/2024,773996.5414
12/23/2024,769713.5684
12/20/2024,760126.475
12/19/2024,760289.822
12/18/2024,770447.0764
12/17/2024,772684.3983
12/16/2024,769980.1445
12/13/2024,780230.8665
12/12/2024,786061.4182
12/11/2024,784952.1604
12/10/2024,774768.004
12/9/2024,768621.053
12/6/2024,761764.0716
12/5/2024,769117.1023
12/4/2024,768195.2756
12/3/2024,765902.914
12/2/2024,764582.0994
11/29/2024,773613.5925
11/28/2024,764656.9796
11/27/2024,767944.1483
11/26/2024,765114.5384
11/25/2024,786059.9671
11/22/2024,780415.89
11/21/2024,772989.5096
11/20/2024,768426.7092
11/19/2024,763814.8798
11/18/2024,757834.7129
11/14/2024,748882.1666
11/13/2024,762774.4071
11/12/2024,768149.9541
11/11/2024,782030.2343
11/8/2024,790216.7096
11/7/2024,777405.8919
11/6/2024,804988.4232
11/5/2024,800561.0056
11/4/2024,802401.1913
11/1/2024,806276.5591
10/30/2024,815923.5583
10/29/2024,809246.2766
10/28/2024,803052.5072
10/25/2024,801407.8623
10/24/2024,798412.0271
10/23/2024,803285.9323
10/22/2024,799842.8034
10/21/2024,798902.0557
10/18/2024,793688.7656
10/16/2024,783066.3312
10/15/2024,776809.811
10/14/2024,776360.7258
10/11/2024,773885.2727
10/10/2024,764952.5867
10/9/2024,768026.432
10/8/2024,774121.7147
10/7/2024,777824.303
10/4/2024,786334.4849
10/3/2024,783993.1787
10/2/2024,786467.5364
10/1/2024,783221.5908
9/30/2024,794276.6143
9/27/2024,801437.9861
9/26/2024,802975.196
9/25/2024,809431.7941
9/24/2024,799864.1843
9/23/2024,799064.6881
9/20/2024,788517.5316
9/19/2024,778453.2772
9/18/2024,774896.7946
9/13/2024,773840.9916
9/12/2024,755912.176
9/11/2024,757666.9242
9/10/2024,751070.2197
9/9/2024,745997.9801
9/6/2024,751955.9136
9/5/2024,746748.373
9/4/2024,746036.4903
9/3/2024,745580.4333
9/2/2024,746559.503
8/30/2024,755727.8546
8/29/2024,755631.6689
8/28/2024,756634.553
8/27/2024,753648.0453
8/26/2024,755758.003
8/23/2024,749484.1252
8/22/2024,751339.6873
8/21/2024,753525.2763
8/20/2024,746926.2607
8/16/2024,733735.085
8/15/2024,733797.471
8/14/2024,735052.0859
8/13/2024,739166.4339
8/12/2024,729046.9648
8/9/2024,730311.8852
8/8/2024,721246.9926
8/7/2024,723351.5496
8/6/2024,728861.1249
8/5/2024,736524.4575
8/2/2024,741707.2326
8/1/2024,740958.4933
7/31/2024,727903.5487
7/30/2024,720465.7305
7/29/2024,725661.0085
7/26/2024,720640.5519
7/25/2024,721798.7343
7/24/2024,732915.8944
7/23/2024,729480.4052
7/22/2024,730715.9092
7/19/2024,736772.8975
7/18/2024,747678.2172
7/17/2024,752089.3496
7/16/2024,732184.5939
7/15/2024,727982.6961
7/12/2024,730243.503
7/11/2024,721597.0602
7/10/2024,720421.2229
7/9/2024,719637.2913
7/8/2024,727007.9486
7/5/2024,719240.6513
7/4/2024,717282.9398
7/3/2024,706675.7865
7/2/2024,713330.0223
7/1/2024,711879.0149
6/28/2024,709957.4903
6/27/2024,701893.3811
6/26/2024,708978.7229
6/25/2024,710273.8835
6/24/2024,709119.0547
6/20/2024,712480.7996
6/19/2024,709619.4065
6/18/2024,706492.2615
6/14/2024,700477.5825
6/13/2024,703449.6146
6/12/2024,702505.2169
6/11/2024,697962.2114
6/10/2024,695902.1464
6/7/2024,717719.3916
6/6/2024,715608.4219
6/5/2024,705045.5959
6/4/2024,708650.5778
6/3/2024,703082.3339
5/31/2024,708485.0474
5/30/2024,703860.0195
5/29/2024,710894.2605
5/28/2024,707028.952
5/27/2024,701861.4469
5/22/2024,726648.2645
5/21/2024,725328.2757
5/20/2024,729715.5423
5/17/2024,717411.573
5/16/2024,722490.9128
5/15/2024,709219.1633
5/14/2024,702582.1507
5/13/2024,704714.3788
5/10/2024,701530.6581
5/9/2024,689893.2253
5/8/2024,691861.8966
5/7/2024,691983.2367
5/6/2024,687459.9509
5/3/2024,682783.5916
5/2/2024,691063.0922
4/30/2024,691794.9397
4/29/2024,689518.3329
4/26/2024,693731.7144
4/25/2024,692992.974
4/24/2024,699153.5689
4/22/2024,717491.4339
4/19/2024,725226.2293
4/18/2024,713467.7409
4/17/2024,715156.7977
4/16/2024,711821.3506
4/15/2024,705151.2418
4/10/2024,701944.7266
4/9/2024,700261.8396
4/8/2024,696873.5476
4/5/2024,681399.004
4/4/2024,689962.8256
4/3/2024,684949.4692
4/2/2024,674834.3316
4/1/2024,678244.8857
3/28/2024,661225.3511
3/27/2024,657503.7044
3/26/2024,657416.2277
3/25/2024,660444.3487
3/22/2024,661296.8254
3/21/2024,670994.739
3/20/2024,656229.9088
3/19/2024,658503.3392
3/18/2024,656909.3604
3/15/2024,661047.0452
3/14/2024,666024.9178
3/13/2024,662199.5945
3/12/2024,669528.6322
3/11/2024,669954.8592
3/7/2024,660532.5428
3/6/2024,654262.14
3/5/2024,650912.9024
3/4/2024,643729.6161
3/1/2024,633779.3917
2/29/2024,631623.8903
2/28/2024,631565.5268
2/27/2024,631775.2107
2/26/2024,631896.9183
2/22/2024,631791.0845
2/21/2024,632728.2244
2/20/2024,630208.7637
2/19/2024,631234.7735
2/16/2024,627418.5234
2/15/2024,624100.2651
2/14/2024,624292.2265
2/13/2024,632582.256
2/12/2024,633124.947
2/9/2024,638048.9937
2/8/2024,638077.0015
2/7/2024,639169.5555
2/6/2024,632432.0805
2/5/2024,634113.5714
2/2/2024,644641.2222
2/1/2024,646984.9609
1/31/2024,645452.5852
1/30/2024,645668.8923
1/29/2024,642417.7175
1/26/2024,645896.6328
1/24/2024,648183.2744
1/23/2024,647486.0357
1/22/2024,650631.2829
1/19/2024,649352.4691
1/18/2024,645426.3493
1/17/2024,653193.5079
1/16/2024,660648.2825
1/12/2024,656572.474
1/11/2024,655795.2479
1/10/2024,655447.6108
1/9/2024,656206.788
1/8/2024,658780.6308
1/5/2024,660099.3722
1/4/2024,658732.3982
1/3/2024,662661.6264
1/2/2024,667794.0897
1/1/2024,668309.1651
12/29/2023,670390.0421
12/28/2023,676497.5971
12/27/2023,672799.9132
12/22/2023,669040.6334
12/21/2023,665454.3479
12/20/2023,666505.6443
12/19/2023,662250.1353
12/18/2023,660761.432
12/15/2023,665307.7024
12/14/2023,664242.6492
12/13/2023,647142.273
12/12/2023,648814.2495
12/11/2023,653174.6094
12/8/2023,663699.5619
12/7/2023,663820.7186
12/6/2023,662992.8088
12/5/2023,667296.2353
12/4/2023,684041.5819
12/1/2023,669046.236
11/30/2023,672445.6512
11/29/2023,674404.4228
11/28/2023,663516.3817
11/27/2023,660575.9584
11/24/2023,654977.3895
11/23/2023,654995.8524
11/22/2023,655517.8492
11/21/2023,652983.0645
11/20/2023,650240.1858
11/17/2023,651059.625
11/16/2023,644714.7945
11/15/2023,642820.4617
11/14/2023,635898.7259
11/13/2023,634736.4244
11/10/2023,643042.8804
11/9/2023,640939.7345
11/8/2023,644284.6508
11/7/2023,647094.7401
11/6/2023,654926.364
11/3/2023,653498.0406
11/2/2023,651359.6676
11/1/2023,648249.9138
10/31/2023,653370.3909
10/30/2023,655615.9539
10/27/2023,649028.1438
10/26/2023,648343.5943
10/25/2023,646098.7282
10/24/2023,645146.8741
10/23/2023,640607.565
10/20/2023,642993.3165
10/19/2023,632193.0051
10/18/2023,629486.1155
10/17/2023,619550.8816
10/16/2023,622203.7507
10/13/2023,606521.6618
10/12/2023,607521.0364
10/11/2023,602491.2826
10/10/2023,603308.5073
10/9/2023,599462.3582
10/6/2023,590267.7203
10/5/2023,591308.4066
10/4/2023,589801.8104
10/3/2023,588344.6
10/2/2023,596255.652
9/27/2023,616773.6456
9/26/2023,621327.2019
9/25/2023,623863.2047
9/22/2023,624959.6403
9/21/2023,625595.9553
9/20/2023,625528.98
9/19/2023,625795.3898
9/18/2023,623255.1894
9/15/2023,619360.4759
9/14/2023,617504.4611
9/13/2023,615836.5431
9/12/2023,619557.4159
9/11/2023,618742.8397
9/8/2023,620916.8453
9/7/2023,617860.1058
9/6/2023,620037.3537
9/5/2023,620213.5682
9/4/2023,620909.8977
9/1/2023,620753.2642
8/31/2023,628175.514
8/29/2023,622422.4913
8/28/2023,620462.2537
8/25/2023,621155.2425
8/24/2023,621729.9748
8/23/2023,615816.6318
8/22/2023,614261.7438
8/21/2023,610935.5692
8/18/2023,609569.8964
8/17/2023,607896.6375
8/16/2023,611543.5406
8/15/2023,611783.7891
8/14/2023,611563.4242
8/11/2023,612605.5806
8/10/2023,614618.0619
8/9/2023,619316.707
8/8/2023,621691.2825
8/7/2023,618095.7219
8/4/2023,616281.5794
8/3/2023,608655.9837
8/2/2023,632562.0847
7/31/2023,644691.205
7/28/2023,642198.2642
7/27/2023,652311.2712
7/26/2023,646609.1416
7/25/2023,645792.455
7/24/2023,640967.5038
7/21/2023,640994.1718
7/20/2023,643807.146
7/19/2023,636970.4859
7/18/2023,631881.5378
7/17/2023,622778.2113
7/14/2023,620860.5192
7/13/2023,616478.6457
7/12/2023,609246.7669
7/11/2023,602731.7725
7/10/2023,599540.0051
7/7/2023,588837.1634
7/6/2023,589149.1117
7/5/2023,589247.3671
7/4/2023,592069.9276
6/28/2023,591251.7768
6/27/2023,593858.9354
6/26/2023,591173.015
6/23/2023,586842.2293
6/22/2023,593181.767
6/21/2023,593437.0881
6/20/2023,596678.0432
6/19/2023,604530.834
6/16/2023,614583.0425
6/15/2023,596714.46
6/14/2023,590589.9481
6/13/2023,588064.9217
6/12/2023,579452.0471
6/9/2023,575798.8152
6/8/2023,566075.0468
6/7/2023,572183.5668
6/6/2023,572133.7665
6/5/2023,568579.4724
6/2/2023,578395.86
6/1/2023,574644.7427
5/31/2023,577375.2505
5/30/2023,577206.577
5/29/2023,582001.2715
5/26/2023,590203.5123
5/25/2023,593510.7745
5/24/2023,601718.6247
5/23/2023,600234.0551
5/22/2023,607552.8812
5/19/2023,598983.2636
5/18/2023,610045.4624
5/17/2023,618174.6204
5/16/2023,630511.5769
5/15/2023,630846.4773
5/12/2023,631042.0509
5/11/2023,643440.8982
5/10/2023,646412.6109
5/9/2023,644578.0834
5/8/2023,645062.0265
5/4/2023,653817.9463
5/3/2023,647542.1215
5/2/2023,636985.825
4/28/2023,639888.9018
4/27/2023,642714.8086
4/26/2023,642879.298
4/25/2023,642565.413
4/24/2023,637498.2041
4/21/2023,643079.0489
4/20/2023,639312.6741
4/19/2023,643259.3376
4/18/2023,639092.3755
4/17/2023,640709.1982
4/12/2023,645033.4988
4/11/2023,638640.9352
4/10/2023,637805.9734
4/6/2023,645929.0931
4/4/2023,641219.6206
4/3/2023,641145.1125
3/31/2023,649005.9067
3/30/2023,638308.8637
3/29/2023,635279.5251
3/28/2023,627554.8604
3/27/2023,633311.8799
3/24/2023,634623.7359
3/23/2023,626798.2959
3/22/2023,624631.9282
3/21/2023,663595.4026
3/20/2023,662084.0501
3/17/2023,648208.648
3/16/2023,644344.3034
3/15/2023,622995.3027
3/14/2023,615386.9902
3/13/2023,600794.5877
3/10/2023,583174.8619
3/9/2023,579591.2404
3/8/2023,591799.8372
3/7/2023,624541.3189
3/3/2023,637009.6092
3/2/2023,648886.6779
3/1/2023,655376.5151
2/28/2023,657645.5099
2/27/2023,657461.3542
2/24/2023,661724.0328
2/23/2023,661194.0452
2/22/2023,664090.0795
2/21/2023,666880.017
2/20/2023,667014.9408
2/17/2023,662148.9264
2/16/2023,666551.6832
2/15/2023,672201.2544
2/14/2023,672163.2528
2/13/2023,673560.264
2/10/2023,673992.1715
2/9/2023,680193.7152
2/8/2023,679312.0496
2/7/2023,678039.7602
2/6/2023,678528.1539
2/3/2023,693599.0914
2/2/2023,707335.4694
2/1/2023,697267.9774
1/31/2023,697239.0062
1/30/2023,697208.2243
1/27/2023,698312.7513
1/26/2023,704726.2507
1/25/2023,702391.212
1/24/2023,700752.438
1/23/2023,700546.0068
1/20/2023,699495.79
1/19/2023,689535.2806
1/18/2023,691197.3888
1/17/2023,692025.1072
1/13/2023,687493.4848
1/12/2023,681960.2688
1/11/2023,679382.9312
1/10/2023,678500.4368
1/9/2023,681633.8639
1/5/2023,673465.5637
1/4/2023,670070.4852
1/3/2023,665077.7227
1/2/2023,662292.6508
12/30/2022,659752.7145
12/29/2022,656700.6329
12/28/2022,657493.3325
12/27/2022,655666.0095
12/23/2022,651638.2205
12/22/2022,660564.4346
12/21/2022,659692.8506
12/20/2022,648767.5099
12/19/2022,652006.1586
12/16/2022,647228.5257
12/15/2022,652343.916
12/14/2022,657430.2519
12/13/2022,647864.0907
12/12/2022,649416.6852
12/9/2022,651082.5374
12/8/2022,647598.9693
12/6/2022,644150.5752
12/5/2022,656347.4593
12/2/2022,652701.4607
12/1/2022,644694.9371
11/30/2022,636340.8188
11/29/2022,634395.9497
11/28/2022,635135.655
11/25/2022,638232.045
11/24/2022,637902.8603
11/23/2022,632470.0075
11/22/2022,633440.5525
11/21/2022,634287.5075
11/18/2022,641035.885
11/17/2022,642808.5291
11/16/2022,645810.4575
11/15/2022,644074.745
11/14/2022,640354.3225
11/11/2022,636157.715
11/10/2022,620801.6575
11/9/2022,621090.64
11/8/2022,608079.1575
11/4/2022,594693.27
11/3/2022,595130.8125
11/2/2022,599083.5165
11/1/2022,595381.4895
10/31/2022,596771.112
10/28/2022,604907.2155
10/27/2022,604389.513
10/26/2022,601056.2355
10/25/2022,598982.8737
10/21/2022,590981.2461
10/20/2022,589856.585
10/19/2022,600111.1686
10/18/2022,599593.3521
10/17/2022,599749.6055
10/14/2022,605722.9671
10/13/2022,606203.057
10/12/2022,603682.3355
10/11/2022,604406.6476
10/7/2022,620462.9948
10/6/2022,624494.6505
10/5/2022,624295.0555
10/4/2022,615639.8905
10/3/2022,604681.2178
9/30/2022,602776.9
9/29/2022,600537.5711
9/28/2022,589447.583
9/27/2022,591531.8447
9/26/2022,595644.1005
9/23/2022,606412.2326
9/22/2022,602193.7016
9/21/2022,604566.8135
9/20/2022,608316.5685
9/19/2022,605567.4014
9/16/2022,603341.2095
9/15/2022,614340.0643
9/14/2022,617398.9429
9/13/2022,623772.3659
9/12/2022,621279.849
9/9/2022,621594.8879
9/8/2022,620660.9428
9/7/2022,614040.1831
9/6/2022,620792.1823
9/5/2022,617806.6053
9/2/2022,613501.7358
9/1/2022,615711.2287
8/31/2022,622173.1342
8/30/2022,626579.8277
8/29/2022,623633.3045
8/26/2022,634418.9433
8/25/2022,633813.8551
8/24/2022,630154.38
8/23/2022,628123.755
8/22/2022,630943.8553
8/19/2022,634073.2697
8/18/2022,636816.4618
8/17/2022,641234.9361
8/16/2022,643301.3471
8/15/2022,648080.5842
8/12/2022,644757.7948
8/10/2022,647553.4666
8/9/2022,644037.8749
8/8/2022,640465.1
8/5/2022,645603.4152
8/4/2022,638107.0841
8/3/2022,637121.7577
8/2/2022,641386.895
8/1/2022,637002.55
7/29/2022,632998.344
7/28/2022,626347.635
7/27/2022,619841.2057
7/26/2022,623156.395
7/25/2022,623058.9896
7/22/2022,619699.9535
7/21/2022,612271.5047
7/20/2022,619190.329
7/19/2022,616796.9766
7/18/2022,618718.67
7/15/2022,619784.8866
7/14/2022,625587.6685
7/12/2022,626211.3321
7/11/2022,629690.3168
7/8/2022,628253.4862
7/7/2022,627886.3353
7/6/2022,637359.5125
7/5/2022,651358.6458
7/4/2022,651045.625
7/1/2022,649205.2778
6/30/2022,655624.3054
6/29/2022,655461.9994
6/28/2022,656245.259
6/27/2022,661400.9085
6/24/2022,657527.6835
6/23/2022,661636.1655
6/22/2022,659292.0298
6/21/2022,666291.0463
6/20/2022,663006.1913
6/17/2022,663582.2588
6/16/2022,659009.0844
6/15/2022,654547.3583
6/13/2022,669519.3625
6/10/2022,664350.911
6/9/2022,666585.4131
6/8/2022,665821.853
6/7/2022,663214.6663
6/6/2022,668110.8348
6/3/2022,674537.4465
6/2/2022,665341.257
6/1/2022,661364.3922
5/31/2022,667519.6394
5/30/2022,670856.6694
5/27/2022,665950.7063
5/26/2022,665551.3405
5/25/2022,669218.1539
5/24/2022,664819.3868
5/23/2022,665733.5924
5/20/2022,660443.6464
5/19/2022,652782.8003
5/18/2022,651996.8973
5/17/2022,656919.6888
5/13/2022,657106.2
5/12/2022,668628
5/11/2022,670120.6578
5/10/2022,678433.5382
5/9/2022,684258.7554
5/6/2022,671177.6697
5/5/2022,664815.2485
5/4/2022,633019.973
4/29/2022,649916.6738
4/28/2022,643701.8408
4/27/2022,642461.0965
4/26/2022,647700.616
4/25/2022,643935.906
4/22/2022,652885.8298
4/21/2022,654404.075
4/20/2022,603379.35
4/19/2022,612806.45
4/18/2022,622363.6255
4/12/2022,613643.7092
4/11/2022,605318.0429
4/8/2022,577457.205
4/7/2022,576208.1447
4/6/2022,591941.5361
4/5/2022,593692.856
4/4/2022,596766.3634
4/1/2022,578835.012
3/31/2022,576139.0187
3/30/2022,589041.4516
3/29/2022,568294.6286
3/28/2022,574607.2926
3/25/2022,569578.85
3/24/2022,543856.6
3/23/2022,539103.2437
3/22/2022,541123.8
3/21/2022,529777.875
3/18/2022,518656.5569
3/16/2022,515218.0169
3/15/2022,511777.9051
3/14/2022,497107.3938
3/11/2022,502614.1654
3/10/2022,452625.1616
3/9/2022,470485.3275
3/8/2022,401727.406
3/7/2022,402149.5078
3/4/2022,390696.3954
3/3/2022,389656.99
3/2/2022,391394.2215
2/28/2022,384052.2354
2/25/2022,387214.0958
2/24/2022,385184.8164
2/23/2022,382054.2875
2/22/2022,385633.15
2/21/2022,382972.9911
2/18/2022,382119.9492
2/17/2022,377515.9905
2/15/2022,376213.0467
2/14/2022,373541.6726
2/11/2022,368768.17
2/10/2022,370349.9251
2/9/2022,369338.8405
2/8/2022,368772.1754
2/7/2022,365726.05
2/3/2022,364172.3264
2/2/2022,362418.927
2/1/2022,362916.8635
1/31/2022,359927.6811
1/28/2022,361856.5697
1/27/2022,366979.8539
1/26/2022,372481.5727
1/25/2022,371918.2306
1/24/2022,370986.13
1/21/2022,373065.0688
1/20/2022,369878.2094
1/19/2022,366147.1999
1/18/2022,367898.9144
1/13/2022,368174.8073
1/12/2022,365731.9862
1/11/2022,362996.0905
1/10/2022,362433.6741
1/7/2022,360489.7804
1/6/2022,363700.8582
1/5/2022,366167.7737
1/4/2022,361395
1/3/2022,366331.8541
12/31/2021,363794.3622
12/30/2021,365943.025
12/29/2021,362873.3501
12/28/2021,364536.4166
12/27/2021,363783.1354
12/24/2021,364066.4298
12/23/2021,362529.1824
12/22/2021,360158.2469
12/21/2021,360955.7951
12/20/2021,365532.965
12/17/2021,363292.1121
12/16/2021,357680.2482
12/15/2021,357788.6022
12/14/2021,361058.9448
12/13/2021,359799.357
12/10/2021,357741.4044
12/9/2021,358917.0198
12/8/2021,360830.9716
12/7/2021,356151.8067
12/6/2021,361316.5913
12/3/2021,355089.2498
12/2/2021,359702.7776
12/1/2021,359368.5773
11/30/2021,361493.1057
11/29/2021,361854.3405
11/26/2021,360578.9055
11/25/2021,360440.4468
11/24/2021,360174.2915
11/23/2021,366282.1274
11/22/2021,373401.729
11/19/2021,376442.0766
11/17/2021,373359.0145
11/16/2021,377400.3452
11/15/2021,375757.4363
11/12/2021,375906.5668
11/11/2021,371475.8119
11/10/2021,369988.7602
11/9/2021,368684.5247
11/8/2021,364533.6979
11/5/2021,363699.6537
11/3/2021,360792.8031
11/2/2021,362714.6043
11/1/2021,360641.3003
10/29/2021,362861.2144
10/28/2021,360121.7702
10/27/2021,361708.7838
10/26/2021,366415.3451
10/25/2021,362305.0527
10/22/2021,359257.251
10/21/2021,358686.3571
10/18/2021,354373.7072
10/15/2021,361333.3063
10/14/2021,357692.2192
10/13/2021,352553
10/12/2021,355889.028
10/11/2021,355980.108
10/8/2021,357088.6779
10/7/2021,351880.5683
10/6/2021,351657.2255
10/5/2021,352717
10/4/2021,352218.3804
10/1/2021,352304.5933
9/30/2021,346524.2217
9/29/2021,347688.1385
9/28/2021,350761.7428
9/27/2021,351783
9/24/2021,350604.6206
9/23/2021,352464.6795
9/22/2021,354863.7785
9/21/2021,352713.8013
9/17/2021,351397
9/16/2021,359122.312
9/15/2021,360703
9/14/2021,358519
9/13/2021,358009
9/10/2021,359399
9/9/2021,357955.886
9/8/2021,359885.0063
9/7/2021,378646.0583
9/6/2021,379003.7293
9/3/2021,376198.3447
9/2/2021,380812.95
9/1/2021,380489.55
8/31/2021,380701.65
8/30/2021,368011.1542
8/27/2021,359409
8/26/2021,357679.5578
8/25/2021,358637.5915
8/24/2021,360217.801
8/23/2021,357060.3805
8/20/2021,356420.7005
8/19/2021,356048.8865
8/18/2021,357656.0825
8/17/2021,357142.1241
8/16/2021,355563.4401
8/13/2021,350961.5342
8/12/2021,349871.992
8/11/2021,346263.5082
8/10/2021,346893.4665
8/9/2021,347848.0458
8/6/2021,360018.9005
8/5/2021,361815.5917
8/4/2021,362447.6855
8/3/2021,362171.8235
8/2/2021,362244.787
7/30/2021,365562.1275
7/29/2021,362915.4455
7/28/2021,360440.3797
7/27/2021,359158.9919
7/26/2021,360997.8446
7/22/2021,360072.8735
7/20/2021,363473.6287
7/19/2021,362531.1195
7/16/2021,365146.3355
7/15/2021,365048.0193
7/14/2021,361945.9365
7/13/2021,361901.9585
7/12/2021,361090.4848
7/9/2021,360746.5365
7/8/2021,359497.1615
7/7/2021,360091.864
7/6/2021,359413.2035
7/5/2021,357520.2861
7/2/2021,356517.4429
7/1/2021,355857.4525
6/30/2021,354897.1149
6/29/2021,354898.3502
6/28/2021,354672.5329
6/25/2021,355611.2929
6/23/2021,355877.9284
6/22/2021,356845.3114
6/21/2021,354655.9585
6/18/2021,356490.5659
6/17/2021,364301.6535
6/16/2021,370516.609
6/15/2021,371487.9525
6/14/2021,372951.8535
6/11/2021,379544.7112
6/10/2021,376639.0436
6/9/2021,378137.8396
6/8/2021,378980.1725
6/7/2021,376683.3546
6/4/2021,372008.7218
6/3/2021,380329.1456
6/2/2021,378929.3025
6/1/2021,381608.5875
5/31/2021,380914.3275
5/28/2021,378189.2269
5/25/2021,374205.8588
5/24/2021,376610.5198
5/21/2021,374243.7845
5/20/2021,373837.0836
5/19/2021,372745.9445
5/18/2021,373831.0075
5/17/2021,369107.9175
5/13/2021,363497.9775
5/12/2021,365269.0623
5/11/2021,366459.5435
5/10/2021,365444.3447
5/7/2021,362343.1422
5/6/2021,356564.2146
5/5/2021,355431.8713
5/4/2021,357619.5197
5/3/2021,353235.3382
4/30/2021,352778.2958
4/29/2021,357042.1388
4/28/2021,349949.2625
4/27/2021,350522.0125
4/23/2021,343222.3454
4/22/2021,344571.84
4/21/2021,341737.1828
4/20/2021,339685.9922
4/19/2021,345535.9567
4/16/2021,352003.8571
4/15/2021,347189
4/12/2021,347700.4644
4/9/2021,350478.761
4/8/2021,347090.9294
4/7/2021,345640.8392
4/6/2021,346337.5363
4/5/2021,344128.2281
4/1/2021,340552.5789
3/31/2021,334621.1861
3/30/2021,340839.8238
3/29/2021,343309.5833
3/26/2021,342722.1651
3/25/2021,343449.81
3/24/2021,344406.5435
3/23/2021,342626.4075
3/22/2021,343119.1253
3/19/2021,344865.5196
3/18/2021,346092.3345
3/17/2021,344029.6749
3/16/2021,340740.5094
3/15/2021,338400.3333
3/12/2021,338545.3146
3/10/2021,335505.3575
3/9/2021,330169.1975
3/8/2021,334753.6725
3/5/2021,331017.2461
3/4/2021,334643.5678
3/3/2021,338912.4097
3/2/2021,333644.3275
3/1/2021,339084.6911
2/25/2021,349239.8511
2/24/2021,351890.4773
2/23/2021,352290.9747
2/22/2021,347926.554
2/19/2021,344425.6283
2/18/2021,347241.2108
2/17/2021,349422.2486
2/16/2021,354025.5085
2/15/2021,354016.7798
2/12/2021,354527.9269
2/11/2021,357305.2525
2/10/2021,357391.5722
2/9/2021,357705.2093
2/8/2021,350904.9914
2/5/2021,349278.2958
2/3/2021,357802.4655
2/2/2021,358623.5823
2/1/2021,354643.8128
1/29/2021,358336.6826
1/27/2021,361385.842
1/26/2021,364576.7482
1/25/2021,365157.4855
1/22/2021,366219.6806
1/21/2021,364045.3203
1/20/2021,359976.9641
1/19/2021,356382.8256
1/18/2021,352372.9886
1/15/2021,353898.7153
1/13/2021,348062.6283
1/12/2021,345659.215
1/11/2021,343760.6994
1/8/2021,354554.4975
1/7/2021,354597.7418
1/6/2021,360408.675
1/5/2021,358687.25
1/4/2021,355430.6336
1/1/2021,352000.196
12/31/2020,353596.7825
12/30/2020,353921.5596
12/28/2020,361072.6209
12/24/2020,357381.1793
12/23/2020,352739.6245
12/22/2020,353068.3925
12/21/2020,356078.2977
12/18/2020,353176.4086
12/17/2020,350395.3104
12/16/2020,348446.1946
12/15/2020,342144.925
12/14/2020,341727.1109
12/11/2020,341764.3291
12/10/2020,342385.7552
12/9/2020,347670.0502
12/8/2020,347420.2748
12/7/2020,341026.9103
12/4/2020,343381.0764
12/3/2020,341606.7077
12/2/2020,336530.848
12/1/2020,331029.641
11/30/2020,329385.2693
11/27/2020,335171.7382
11/26/2020,335906.0538
11/25/2020,335601.81
11/24/2020,338752.0146
11/23/2020,346492.5679
11/20/2020,344095.1126
11/19/2020,346081.0073
11/18/2020,347507.5315
11/17/2020,349696.2735
11/16/2020,350140.7714
11/13/2020,346823.0905
11/12/2020,344995.2137
11/11/2020,347059.5479
11/10/2020,346220.9551
11/9/2020,360728.6569
11/6/2020,358166.0304
11/5/2020,351550.1411
11/4/2020,349079.0088
11/3/2020,349605.4665
11/2/2020,346729.4339
10/29/2020,346177.056
10/28/2020,351447.6432
10/27/2020,351997.5891
10/26/2020,350615.4279
10/23/2020,351277.1657
10/22/2020,352742.5775
10/21/2020,353882.2321
10/20/2020,350177.5135
10/19/2020,350428.8328
10/16/2020,352266.3242
10/15/2020,350298.5918
10/14/2020,348899.8728
10/13/2020,352300.1725
10/12/2020,354776.8523
10/9/2020,351053.5794
10/8/2020,348061.4133
10/7/2020,347324.5254
10/6/2020,352998.2169
10/5/2020,350354.334
10/2/2020,350942.1428
9/30/2020,351689.5727
9/29/2020,349517.4288
9/28/2020,344622.7254
9/25/2020,345306.5693
9/24/2020,344693.9143
9/23/2020,352531.2521
9/22/2020,354121.8279
9/21/2020,362202.4838
9/18/2020,361065.172
9/17/2020,360234.7217
9/16/2020,361131.4413
9/15/2020,361951.2417
9/14/2020,359767.4482
9/11/2020,359424.209
9/10/2020,358691.2271
9/9/2020,355512.5661
9/8/2020,355980.3416
9/7/2020,359016.9101
9/4/2020,359288.566
9/3/2020,361496.5905
9/2/2020,365896.6117
8/31/2020,366955.7725
8/28/2020,360306.9863
8/27/2020,362176.1276
8/26/2020,359077.4137
8/25/2020,357435.7853
8/24/2020,356025.2311
8/21/2020,362097.679
8/20/2020,359550.1021
8/19/2020,367033.5751
8/18/2020,365571.0412
8/17/2020,354822.518
8/14/2020,356622.134
8/13/2020,355293.5396
8/12/2020,347883.9436
8/11/2020,373221.1713
8/10/2020,376263.402
8/7/2020,382997.3043
8/6/2020,378308.6044
8/5/2020,373601.2648
8/4/2020,366878.2947
7/31/2020,365354.5794
7/30/2020,364649.5331
7/29/2020,362747.3693
7/28/2020,367184.4185
7/27/2020,356934.8181
7/24/2020,350082.1012
7/23/2020,346620.7554
7/22/2020,345312.6634
7/21/2020,337487.643
7/20/2020,335783.2153
7/17/2020,334208.359
7/16/2020,336114.4912
7/15/2020,336213.4811
7/14/2020,334201.8742
7/13/2020,335314.3327
7/10/2020,334636.7827
7/9/2020,336177.4029
7/8/2020,333330.5534
7/7/2020,331612.816
7/6/2020,329730.7739
7/3/2020,330503.1284
7/2/2020,329584.8147
7/1/2020,331816.8853
6/30/2020,329887.6247
6/29/2020,329045.7733
6/26/2020,328481.3555
6/25/2020,328619.2931
6/24/2020,330195.4607
6/23/2020,326796.1545
6/22/2020,327483.0588
6/19/2020,322063.8597
6/18/2020,321891.5874
6/17/2020,320746.0316
6/16/2020,321340.5167
6/15/2020,320777.0485
6/12/2020,319553.7878
6/11/2020,320732.4801
6/10/2020,317878.5953
6/9/2020,314088.2911
6/8/2020,312995.6876
6/4/2020,316738.3751
6/3/2020,320945.1601
6/2/2020,323771.5192
6/1/2020,323778.8645
5/29/2020,320437.612
5/28/2020,319135.9529
5/27/2020,318387.987
5/26/2020,321499.3205
5/22/2020,322631.8753
5/21/2020,326725.3439
5/20/2020,328111.1902
5/19/2020,326418.3713
5/18/2020,331130.4862
5/15/2020,325797.69
5/14/2020,322608.121
5/13/2020,320922.0112
5/12/2020,319192.083
5/11/2020,321794.2706
5/6/2020,321908.6417
5/5/2020,323078.4631
5/4/2020,325946.3284
4/30/2020,329935.1758
4/29/2020,329852.17
4/28/2020,327834.276
4/27/2020,330675.0912
4/24/2020,330819.2064
4/23/2020,329659.075
4/22/2020,325064.731
4/21/2020,329374.9588
4/20/2020,322210.6956
4/17/2020,329432.4437
4/16/2020,328801.8126
4/15/2020,332167.3584
4/9/2020,329178.2171
4/8/2020,327248.5005
4/6/2020,315494.7532
4/3/2020,307930.2
4/2/2020,301405.436
4/1/2020,300778.3204
3/31/2020,305139.7458
3/30/2020,308144.1894
3/27/2020,307664.4158
3/26/2020,303239.9968
3/25/2020,305811.0148
3/24/2020,294505.8325
3/23/2020,279400.44
3/20/2020,277304.5254
3/19/2020,274185.2433
3/18/2020,283550.185
3/17/2020,273661.3893
3/13/2020,285704.252
3/12/2020,298560.0232
3/11/2020,302242.1927
3/10/2020,303462.4354
3/6/2020,303817.3542
3/5/2020,298366.9877
3/4/2020,299513.113
3/3/2020,290980.7063
3/2/2020,290496.8585
2/28/2020,298653.6141
2/27/2020,299901.6466
2/26/2020,298398.433
2/25/2020,301022.2439
2/24/2020,302236.259
2/20/2020,292809.6616
2/19/2020,290861.2731
2/18/2020,287971.2794
2/17/2020,287174.5882
2/14/2020,285943.6003
2/13/2020,284898.0125
2/12/2020,284378.4915
2/11/2020,284588.0117
2/10/2020,284811.4399
2/7/2020,284043.1621
2/6/2020,282094.5692
2/5/2020,282201.0588
2/3/2020,287157.0771
1/31/2020,285448.1717
1/30/2020,286848.7107
1/29/2020,284197.885
1/28/2020,287135.6522
1/27/2020,287017.4756
1/24/2020,283295.7799
1/23/2020,282569.6127
1/22/2020,281621.3899
1/21/2020,284043.1878
1/20/2020,282471.4471
1/17/2020,281879.7732
1/16/2020,282651.0482
1/14/2020,278953.6886
1/13/2020,282455.9266
1/9/2020,282927.7036
1/8/2020,288445.4997
1/7/2020,282549.3199
1/6/2020,285968.4138
1/3/2020,279285.1269
1/2/2020,275110.7588
1/1/2020,275390.7115
12/31/2019,276404.2458
12/30/2019,274762.2125
12/27/2019,274215.5706
12/26/2019,272729.9238
12/24/2019,269930.9028
12/23/2019,268400.1738
12/20/2019,268032.2004
12/19/2019,267765.3807
12/18/2019,267338.9958
12/17/2019,267515.0192
12/16/2019,267046.3619
12/13/2019,265628.9051
12/12/2019,267239.1959
12/10/2019,264882.3865
12/9/2019,264750.7298
12/6/2019,267559.7283
12/5/2019,267590.5591
12/4/2019,268153.9337
12/3/2019,264671.0123
12/2/2019,264071.0187
11/29/2019,262883.546
11/28/2019,263737.0006
11/27/2019,264422.626
11/26/2019,262403.2305
11/25/2019,262970.0986
11/22/2019,262809.4493
11/21/2019,263770.9752
11/20/2019,264174.0769
11/19/2019,264345.7
11/18/2019,264220.051
11/15/2019,264613.2172
11/14/2019,263474.0231
11/13/2019,263424.6922
11/8/2019,265685.0772
11/7/2019,269131.4158
11/6/2019,267562.8302
11/5/2019,272275.926
11/4/2019,274282.3908
11/1/2019,273912.5679
10/31/2019,272056.6079
10/30/2019,270325.3523
10/29/2019,270803.5539
10/28/2019,272813.5252
10/25/2019,272165.9916
10/24/2019,270982.3636
10/23/2019,270374.3397
10/22/2019,269823.0048
10/21/2019,271163.7153
10/18/2019,271567.8941
10/17/2019,270722.761
10/16/2019,269434.2622
10/15/2019,270048.5209
10/14/2019,268524.9955
10/11/2019,270174.4692
10/10/2019,272217.8672
10/9/2019,271913.7791
10/8/2019,270206.0677
10/7/2019,273463.0752
10/4/2019,274065.4032
10/3/2019,273311.4469
10/2/2019,269484.9985
10/1/2019,267054.5853
9/30/2019,271696.4479
9/27/2019,273560.6405
9/26/2019,273936.2408
9/25/2019,277597.845
9/24/2019,275641.1185
9/23/2019,274901.8151
9/20/2019,271873.2472
9/19/2019,269736.0644
9/18/2019,271319.3661
9/17/2019,270772.0153
9/16/2019,271629.0316
9/12/2019,269223.5828
9/11/2019,268964.5472
9/10/2019,268949.1836
9/9/2019,272947.8638
9/6/2019,273918.3598
9/5/2019,278847.6849
9/4/2019,278122.4142
9/3/2019,273893.2358
9/2/2019,274363.162
8/30/2019,275314.486
8/29/2019,277598.6869
8/28/2019,276441.3724
8/27/2019,274832.0672
8/26/2019,277708.1365
8/23/2019,268377.6917
8/22/2019,267949.5643
8/21/2019,267482.7942
8/20/2019,265328.5734
8/19/2019,267152.7953
8/16/2019,269406.3331
8/15/2019,269034.2345
8/13/2019,268138.342
8/9/2019,266726.4601
8/8/2019,266112.9958
8/7/2019,263412.0868
8/6/2019,259375.2004
8/5/2019,255757.9928
8/2/2019,252703.9266
8/1/2019,248528.4557
7/31/2019,251748.4436
7/30/2019,250809.5891
7/29/2019,250610.9003
7/26/2019,249586.4633
7/25/2019,250785.8604
7/24/2019,250155.0091
7/23/2019,249596.1174
7/22/2019,250769.9266
7/19/2019,253681.963
7/18/2019,250081.9721
7/17/2019,246887.075
7/15/2019,247767.5643
7/12/2019,247199.184
7/11/2019,249677.769
7/10/2019,245024.7657
7/9/2019,245420.8946
7/8/2019,246399.6644
7/5/2019,249784.5053
7/4/2019,250111.4955
7/3/2019,251608.3326
7/2/2019,245106.1934
7/1/2019,245562.9297
6/28/2019,250923.6942
6/27/2019,248496.8972
6/26/2019,249229.9793
6/25/2019,251768.049
6/24/2019,248412.7653
6/21/2019,248621.6137
6/20/2019,243651.0907
6/19/2019,237599.8535
6/18/2019,237271.111
6/17/2019,236904.0385
6/14/2019,237712.3351
6/13/2019,235994.1922
6/12/2019,234719.2519
6/11/2019,234524.4956
6/10/2019,234576.7087
6/7/2019,235205.5461
6/6/2019,234497.7782
6/4/2019,233674.3962
6/3/2019,231586.9697
5/31/2019,227771.1705
5/30/2019,225282.9219
5/29/2019,225778.7948
5/28/2019,226026.1941
5/27/2019,227105.2643
5/24/2019,226681.5398
5/23/2019,225067.388
5/22/2019,224442.1285
5/21/2019,224503.3655
5/17/2019,226636.8475
5/16/2019,228518.7816
5/15/2019,229160.217
5/14/2019,229345.8857
5/13/2019,226309.2207
5/10/2019,225480.9989
5/9/2019,225584.4209
5/8/2019,228038.9785
5/7/2019,227847.3836
5/6/2019,226869.3987
5/3/2019,224833.6477
5/2/2019,224283.8842
4/30/2019,224982.809
4/29/2019,225368.2782
4/26/2019,224148.5528
4/25/2019,223012.2326
4/24/2019,221864.5287
4/23/2019,222846.6066
4/22/2019,223043.7469
4/18/2019,222223.5819
4/17/2019,223128.0852
4/16/2019,224592.4712
4/12/2019,225962.1051
4/11/2019,228378.3955
4/10/2019,227436.9622
4/9/2019,226868.0998
4/8/2019,226714.0953
4/5/2019,225498.6722
4/4/2019,225458.2789
4/3/2019,225475.7227
4/2/2019,225117.1451
4/1/2019,226964.0785
3/29/2019,227441.6535
3/28/2019,231100.1294
3/27/2019,234315.9842
3/26/2019,235343.8177
3/25/2019,234295.5549
3/22/2019,233293.777
3/21/2019,235357.9977
3/19/2019,233237.3456
3/18/2019,232192.7512
3/15/2019,231626.1131
3/14/2019,233723.6731
3/13/2019,233258.4384
3/12/2019,231157.0972
3/11/2019,231329.0595
3/8/2019,229670.9404
3/7/2019,229729.6521
3/6/2019,231116.2752
3/5/2019,231318.9986
3/1/2019,236547.1607
2/28/2019,237064.6009
2/27/2019,238989.447
2/26/2019,238685.1257
2/25/2019,238830.4155
2/22/2019,238100.5903
2/21/2019,240409.2019
2/20/2019,241840.6122
2/18/2019,236707.0146
2/15/2019,234373.9844
2/14/2019,233535.6626
2/13/2019,233860.0764
2/12/2019,232635.5893
2/11/2019,233651.3976
2/8/2019,232525.3506
2/7/2019,232295.2041
2/6/2019,233958.5912
2/5/2019,233268.3469
2/1/2019,235588.865
1/31/2019,237175.4483
1/30/2019,238415.2094
1/29/2019,236877.1557
1/28/2019,236560.8605
1/25/2019,233006.7777
1/24/2019,233867.1323
1/23/2019,233659.065
1/22/2019,232408.1272
1/21/2019,233192.1443
1/18/2019,235418.7032
1/17/2019,236071.8486
1/16/2019,235027.0898
1/14/2019,234914.846
1/11/2019,235206.8103
1/10/2019,236298.6095
1/9/2019,234418.8627
1/8/2019,234813.3775
1/7/2019,235558.9941
1/4/2019,237280.0223
1/3/2019,235740.8151
1/2/2019,233895.7896
1/1/2019,234604.7862
12/31/2018,233747.1733
12/28/2018,232951.6674
12/27/2018,230839.0236
12/26/2018,230904.9728
12/24/2018,228819.3642
12/21/2018,227936.4415
12/20/2018,224599.804
12/19/2018,225128.1154
12/18/2018,224480.9292
12/17/2018,222625.0411
12/14/2018,223152.3611
12/13/2018,223281.8246
12/12/2018,223200.9743
12/11/2018,222785.3819
12/10/2018,223451.443
12/7/2018,221846.1414
12/6/2018,222121.2261
12/5/2018,221196.3526
12/4/2018,220808.205
12/3/2018,219932.3215
11/30/2018,220022.9827
11/29/2018,220136.7541
11/28/2018,219203.7547
11/27/2018,220169.9765
11/26/2018,219689.7539
11/23/2018,219094.8886
11/21/2018,216405.6413
11/19/2018,215732.1814
11/16/2018,214522.2089
11/15/2018,213201.0134
11/14/2018,211840.6929
11/13/2018,211404.8811
11/12/2018,212190.7296
11/9/2018,213667.994
11/8/2018,214082.4902
11/7/2018,213918.7737
11/5/2018,214959.3275
11/2/2018,214920.4004
11/1/2018,213357.9105
10/31/2018,209615.0144
10/30/2018,213566.042
10/29/2018,213605.2276
10/26/2018,212932.2446
10/25/2018,213584.229
10/23/2018,210805.2339
10/22/2018,210770.2937
10/19/2018,210111.7118
10/18/2018,208977.6801
10/17/2018,209036.7443
10/16/2018,209027.8949
10/15/2018,208764.7408
10/12/2018,209067.3338
10/11/2018,204429.195
10/10/2018,203356.15
10/9/2018,205178.9601
10/8/2018,203752.3578
10/5/2018,203926.1865
10/4/2018,203076.0661
10/3/2018,204441.5636
10/2/2018,201494.539
10/1/2018,201334.5647
9/28/2018,200498.3064
9/27/2018,202151.8764
9/26/2018,202867.4454
9/25/2018,202045.7642
9/21/2018,203059.4673
9/20/2018,200793.3157
9/19/2018,198698.6558
9/18/2018,196877.2465
9/17/2018,194982.4745
9/14/2018,196097.0026
9/13/2018,195804.0754
9/12/2018,193840.8652
9/11/2018,193826.9199
9/10/2018,193298.8811
9/7/2018,194714.5698
9/6/2018,194357.7056
9/5/2018,193317.8775
9/4/2018,194075.9621
9/3/2018,193774.5458
8/31/2018,194106.6933
8/30/2018,194468.6984
8/29/2018,194193.3391
8/28/2018,194754.9117
8/27/2018,193926.0871
8/24/2018,190709.604
8/23/2018,191401.9837
8/21/2018,191638.4038
8/20/2018,190311.8737
8/17/2018,188836.3716
8/16/2018,187876.174
8/15/2018,190852.2443
8/14/2018,191458.7331
8/13/2018,193528.684
8/10/2018,194038.946
8/9/2018,194261.7847
8/8/2018,193791.1363
8/7/2018,193332.6673
8/6/2018,194486.9125
8/3/2018,192866.2759
8/2/2018,194735.8022
8/1/2018,195450.6356
7/31/2018,195050.6382
7/30/2018,194870.2908
7/26/2018,196517.583
7/25/2018,195315.341
7/24/2018,195031.2442
7/23/2018,197108.0286
7/20/2018,195003.2328
7/19/2018,195916.244
7/18/2018,196488.6926
7/17/2018,198341.4146
7/16/2018,198165.2915
7/13/2018,198798.3749
7/12/2018,198138.7532
7/11/2018,199351.3187
7/10/2018,200532.0487
7/9/2018,200262.2149
7/6/2018,199261.9165
7/5/2018,199132.35
7/4/2018,199327.7026
7/3/2018,196576.8894
7/2/2018,198196.546
6/29/2018,197403.3268
6/28/2018,198874.7632
6/26/2018,200716.2039
6/25/2018,202002.4214
6/22/2018,202369.4817
6/21/2018,202916.9695
6/20/2018,203896.7013
6/19/2018,206392.5889
6/18/2018,204802.6365
6/14/2018,207176.3514
6/13/2018,206834.6607
6/12/2018,206675.7074
6/11/2018,206702.2137
6/8/2018,206019.788
6/7/2018,205722.3375
6/6/2018,205689.3124
6/5/2018,204818.8938
6/4/2018,205075.7623
6/1/2018,205401.8699
5/31/2018,205769.944
5/30/2018,205240.1814
5/28/2018,205185.2457
5/25/2018,205859.3772
5/24/2018,204554.6019
5/23/2018,204121.7958
5/22/2018,203653.1202
5/21/2018,203538.5423
5/18/2018,203678.8307
5/17/2018,205173.952
5/16/2018,204531.2402
5/15/2018,207477.2667
5/14/2018,208539.5012
5/11/2018,208374.3619
5/10/2018,207401.0162
5/9/2018,206695.1303
5/8/2018,207286.7951
5/4/2018,207391.2472
5/3/2018,206564.6663
5/2/2018,206639.5492
5/1/2018,206652.7365
4/27/2018,207706.3555
4/26/2018,208513.8144
4/25/2018,208817.4988
4/24/2018,208088.324
4/23/2018,208578.6638
4/20/2018,209895.8886
4/19/2018,211108.6876
4/18/2018,210205.3858
4/17/2018,210150.9974
4/16/2018,209906.9111
4/12/2018,210369.2545
4/11/2018,208621.2209
4/10/2018,207415.265
4/9/2018,207267.5498
4/6/2018,207112.067
4/5/2018,207662.6402
4/4/2018,207431.1861
4/3/2018,207988.3159
4/2/2018,207181.9151
3/29/2018,207132.2599
3/28/2018,210150.8035
3/27/2018,211233.1489
3/26/2018,210339.1852
3/23/2018,208768.1272
3/22/2018,207577.1908
3/21/2018,205157.7753
3/20/2018,205715.0516
3/19/2018,204753.8171
3/16/2018,205393.3698
3/15/2018,206643.2952
3/14/2018,206928.0946
3/13/2018,205929.1287
3/12/2018,205747.147
3/9/2018,205001.4433
3/8/2018,206183.8197
3/7/2018,207119.7611
3/6/2018,205158.6884
3/5/2018,205892.184
3/2/2018,204020.0132
2/28/2018,204104.7709
2/27/2018,207104.7457
2/26/2018,207448.562
2/23/2018,206399.4667
2/22/2018,205788.0269
2/21/2018,206525.4836
2/20/2018,208476.9593
2/19/2018,209467.5614
2/16/2018,210613.7721
2/15/2018,210584.5057
2/14/2018,206358.3565
2/12/2018,204199.744
2/9/2018,203623.9261
2/8/2018,203390.6092
2/7/2018,205399.0005
2/6/2018,207431.3694
2/2/2018,207991.9185
2/1/2018,206778.7897
1/30/2018,205572.7066
1/29/2018,207124.3362
1/26/2018,207842.5585
1/25/2018,209303.0254
1/24/2018,206606.2608
1/23/2018,205823.6414
1/22/2018,205008.157
1/19/2018,204691.5751
1/18/2018,204163.4906
1/17/2018,206474.9177
1/16/2018,206394.8414
1/12/2018,203862.8583
1/11/2018,202714.4626
1/10/2018,201766.0875
1/9/2018,202837.5287
1/8/2018,202779.3002
1/5/2018,202980.8934
1/4/2018,201052.6142
1/3/2018,202186.445
1/2/2018,200484.3752
12/29/2017,198085.2996
12/28/2017,196659.463
12/27/2017,195921.1021
12/26/2017,195594.4497
12/22/2017,193682.8594
12/21/2017,194056.3526
12/20/2017,193719.3221
12/19/2017,193087.1637
12/18/2017,192251.9416
12/15/2017,192515.0836
12/14/2017,192512.5564
12/13/2017,190341.2677
12/12/2017,190459.9124
12/11/2017,191232.745
12/8/2017,191544.9989
12/7/2017,193779.4567
12/6/2017,194118.0244
12/5/2017,196005.442
12/4/2017,195905.5801
11/30/2017,197475.2569
11/29/2017,198891.3831
11/28/2017,198828.7618
11/27/2017,198293.0516
11/24/2017,198653.2598
11/23/2017,198372.5854
11/22/2017,197053.8053
11/21/2017,196792.818
11/20/2017,198479.3998
11/17/2017,197450.4576
11/16/2017,196579.2788
11/15/2017,196923.0202
11/14/2017,196183.7544
11/13/2017,196082.9466
11/10/2017,197386.1153
11/9/2017,196475.619
11/8/2017,195967.5652
11/7/2017,196490.8522
11/6/2017,195086.4821
11/2/2017,196840.2601
11/1/2017,194999.7684
10/31/2017,195987.3664
10/30/2017,195205.1923
10/27/2017,194926.12
10/26/2017,197015.9373
10/25/2017,195999.8831
10/24/2017,197094.8138
10/23/2017,196159.2054
10/20/2017,197531.387
10/19/2017,196262.8663
10/17/2017,198686.7698
10/16/2017,200163.9756
10/13/2017,199175.0969
10/12/2017,198382.6709
10/11/2017,197420.9856
10/10/2017,197160.4351
10/9/2017,196810.7468
10/6/2017,194642.9913
10/4/2017,195441.9358
10/3/2017,194484.7409
10/2/2017,195282.1093
9/29/2017,196644.0495
9/28/2017,196548.268
9/27/2017,198198.8626
9/26/2017,200436.1493
9/25/2017,197501.1393
9/22/2017,198229.5746
9/21/2017,198959.268
9/20/2017,201101.0239
9/19/2017,199887.913
9/18/2017,201726.3127
9/15/2017,203955.8432
9/14/2017,202196.0665
9/13/2017,203624.8683
9/12/2017,202525.6892
9/11/2017,204372.2738
9/8/2017,206341.4818
9/7/2017,203589.9734
9/6/2017,204239.3749
9/4/2017,203589.9513
8/31/2017,199069.1082
8/30/2017,200449.31
8/29/2017,201382.9307
8/28/2017,198001.8141
8/25/2017,196662.2777
8/24/2017,196966.0843
8/23/2017,196705.86
8/22/2017,197623.629
8/21/2017,197097.1562
8/18/2017,197454.3885
8/17/2017,197322.8948
8/16/2017,195121.1126
8/15/2017,195243.312
8/14/2017,197134.1689
8/11/2017,196907.4643
8/10/2017,195603.9701
8/9/2017,193925.9582
8/8/2017,193307.633
8/4/2017,194676.6874
8/3/2017,193976.1123
8/2/2017,194354.1919
8/1/2017,195162.1268
7/31/2017,195106.7119
7/28/2017,193637.0323
7/27/2017,193936.834
7/26/2017,191632.8379
7/25/2017,192704.9918
7/24/2017,192777.0618
7/21/2017,191408.668
7/20/2017,190483.6437
7/19/2017,190833.6371
7/18/2017,190267.68
7/17/2017,189372.6701
7/14/2017,186944.3739
7/13/2017,187874.0233
7/12/2017,187294.8367
7/11/2017,186318.3865
7/10/2017,186271.2191
7/7/2017,187510.3334
7/6/2017,188373.7495
7/5/2017,188655.4023
7/4/2017,187732.8207
7/3/2017,190082.99
6/30/2017,191364.7985
6/29/2017,191995.403
6/28/2017,191863.9782
6/27/2017,190683.643
6/23/2017,191908.576
6/22/2017,192246.0173
6/21/2017,190937.7673
6/20/2017,190590.8938
6/19/2017,191553.1485
6/16/2017,191096.9875
6/15/2017,192927.75
6/14/2017,193666.6125
6/13/2017,193202.25
6/12/2017,193292.9875
6/9/2017,194344.475
6/7/2017,197060.2931
6/6/2017,195958.8935
6/5/2017,195153.4875
6/2/2017,192577
6/1/2017,193659.75
5/31/2017,192134.75
5/30/2017,193583.5
5/29/2017,193273.925
5/26/2017,191663.525
5/25/2017,191767.2174
5/24/2017,190961.2625
5/23/2017,192493.8875
5/22/2017,190936.1
5/19/2017,190673.0375
5/18/2017,191843.7723
5/17/2017,189306.4827
5/16/2017,188090.5
5/15/2017,187445.6817
5/12/2017,186821.841
5/9/2017,187080.6285
5/8/2017,187545.952
5/5/2017,186789.4248
5/4/2017,188672.1609
5/3/2017,190854.755
5/2/2017,190983.1105
4/28/2017,192196.032
4/27/2017,192396.54
4/26/2017,192083.6184
4/25/2017,193479.9549
4/24/2017,193687.69
4/21/2017,194446.4305
4/20/2017,194310.48
4/19/2017,195480.11
4/18/2017,195100.36
4/17/2017,195791.4
4/12/2017,193700.394
4/11/2017,190265.58
4/7/2017,192046.122
4/6/2017,190306.512
4/5/2017,190189.022
4/4/2017,190305.754
4/3/2017,189211.96
3/31/2017,188277.0777
3/30/2017,189487.7115
3/29/2017,189429.0156
3/28/2017,190242.8555
3/27/2017,190499.802
3/24/2017,188457.0072
3/23/2017,188832.2096
3/22/2017,188859.9678
3/21/2017,186032.0674
3/20/2017,186721.2292
3/17/2017,185695.7692
3/16/2017,185390.8717
3/15/2017,181788.7628
3/14/2017,182322.298
3/13/2017,182398.6958
3/10/2017,181483.785
3/9/2017,182822.4758
3/8/2017,184182.7777
3/7/2017,185398.5361
3/6/2017,186654.6076
3/3/2017,186312.775
3/2/2017,188529.3772
3/1/2017,188735.8
2/28/2017,189526.8451
2/27/2017,190068.3125
2/23/2017,187024.0141
2/22/2017,187146.8295
2/21/2017,186625.9119
2/20/2017,186023.1148
2/17/2017,186606.6668
2/16/2017,186361.0864
2/15/2017,184909.8291
2/14/2017,184782.1498
2/13/2017,185470.5486
2/9/2017,186887.0363
2/8/2017,186146.1
2/7/2017,185824.2488
2/6/2017,184193.1875
2/3/2017,182756.6725
2/2/2017,182556.5
2/1/2017,181931.8504
1/31/2017,180208.8464
1/30/2017,179538.2325
1/27/2017,178223.545
1/26/2017,180118.2295
1/25/2017,181544.1128
1/24/2017,182828.9701
1/23/2017,182933.751
1/20/2017,181152.8113
1/19/2017,180375.9458
1/18/2017,182307.5064
1/17/2017,180932.5372
1/16/2017,180392.5823
1/13/2017,178953.75
1/11/2017,178037.0827
1/10/2017,177264.0075
1/9/2017,176410.0007
1/6/2017,176697.75
1/5/2017,175925.0542
1/4/2017,173864.25
1/3/2017,173779.5
1/2/2017,172747.6083
12/30/2016,173924.541
12/29/2016,172015.4652
12/28/2016,170727.505
12/27/2016,169663.9531
12/23/2016,168889.2223
12/22/2016,168941.4755
12/21/2016,169108.0918
12/20/2016,169691.8083
12/19/2016,169706.9397
12/16/2016,168595.8805
12/15/2016,169913.2698
12/14/2016,172588.8996
12/9/2016,173598.2173
12/8/2016,175001.626
12/7/2016,173444.265
12/6/2016,174133.1185
12/5/2016,174025.6455
12/2/2016,173918.3652
12/1/2016,172805.6
11/30/2016,176599.038
11/29/2016,176606.4355
11/28/2016,176957.077
11/25/2016,174001.0207
11/24/2016,175322.9369
11/23/2016,179603.9025
11/22/2016,180314.0625
11/21/2016,179418.965
11/18/2016,178631.2941
11/17/2016,181364.1175
11/16/2016,181914.1094
11/15/2016,181192.4738
11/11/2016,186174.6038
11/10/2016,190146.0853
11/9/2016,192418.4357
11/8/2016,189505.5742
11/7/2016,190972.8126
11/4/2016,192226.276
11/3/2016,191530.823
11/2/2016,190235.5606
11/1/2016,188225.0751
10/31/2016,187805.2218
10/28/2016,186809.3724
10/27/2016,186159.025
10/26/2016,187370.95
10/25/2016,185783.6955
10/24/2016,185600.0705
10/21/2016,185597.867
10/20/2016,186925.843
10/19/2016,185564.08
10/18/2016,184970.5574
10/17/2016,184121.4518
10/14/2016,184741.44
10/13/2016,184916.9855
10/12/2016,184661.3795
10/11/2016,184942.1631
10/10/2016,185099.7832
10/7/2016,184526.5768
10/6/2016,185938.9861
10/5/2016,186601.3864
10/4/2016,192048.5351
10/3/2016,193448.7159
9/30/2016,194305.1365
9/29/2016,194065.7428
9/28/2016,193956.3162
9/27/2016,195402.5499
9/26/2016,195314.8651
9/23/2016,194834.86
9/22/2016,194711.5757
9/21/2016,191775.8014
9/20/2016,191849.9963
9/19/2016,191707.1159
9/15/2016,192861.6922
9/14/2016,191694.3008
9/13/2016,193267.6899
9/9/2016,194602.9175
9/8/2016,195801.9492
9/7/2016,196240.1892
9/6/2016,192866.5032
9/5/2016,192579.2945
9/2/2016,191121.7462
9/1/2016,190839.0033
8/31/2016,191475.738
8/30/2016,192720.5204
8/29/2016,191658.3833
8/26/2016,193043.0764
8/25/2016,192829.8546
8/24/2016,194651.355
8/23/2016,194542.23
8/22/2016,194094.09
8/19/2016,196010.325
8/18/2016,197093.5725
8/16/2016,195495.9825
8/15/2016,194729.1975
8/12/2016,194986.0123
8/11/2016,195700.96
8/10/2016,196370.72
8/9/2016,194271.168
8/8/2016,194674.48
8/5/2016,198085.3093
8/4/2016,197765.6975
8/3/2016,198660.6372
8/2/2016,196529.3
8/1/2016,196728.9775
7/29/2016,195048.3024
7/28/2016,194877.7789
7/27/2016,192163.3588
7/26/2016,192345.5463
7/25/2016,191945.4625
7/22/2016,193789.2
7/21/2016,190912.2425
7/20/2016,193507.86
7/18/2016,193022.725
7/15/2016,193065.5738
7/14/2016,194670.5863
7/13/2016,193876.63
7/12/2016,197169.6125
7/11/2016,198984.5113
7/8/2016,196973.525
7/7/2016,198798.2002
7/5/2016,195225.1486
7/4/2016,196820.2863
7/1/2016,192876.7488
6/30/2016,191170.7875
6/29/2016,191809.8875
6/28/2016,191889.775
6/27/2016,192731.4988
6/24/2016,185933.7988
6/23/2016,183850.1875
6/22/2016,184273.7825
6/21/2016,186180.0419
6/20/2016,185573.4025
6/17/2016,185016.4683
6/16/2016,187842.075
6/15/2016,185884.79
6/14/2016,185493.7931
6/13/2016,184745.9643
6/10/2016,184399.1276
6/9/2016,183973.4659
6/8/2016,181823.125
6/7/2016,181560.878
6/6/2016,181326.405
6/3/2016,176673.9345
6/2/2016,177328.5583
6/1/2016,177780.4878
5/31/2016,176874.9125
5/30/2016,175220.65
5/27/2016,177261.15
5/26/2016,179549.425
5/25/2016,178937.275
5/24/2016,181939.725
5/20/2016,183083.8625
5/19/2016,183309.0463
5/18/2016,186112.6838
5/17/2016,186488.904
5/16/2016,186248.433
5/13/2016,184737.3963
5/12/2016,185651.9775
5/11/2016,184993.0894
5/10/2016,184255.8889
5/9/2016,187537.0032
5/6/2016,186511.8119
5/5/2016,186595.6066
5/4/2016,186575.2044
5/3/2016,186285.745
4/29/2016,183342.99
4/28/2016,178709.41
4/27/2016,179169.89
4/26/2016,178406.5005
4/25/2016,177546.7811
4/22/2016,179910.2555
4/20/2016,180378.65
4/19/2016,177140.9
4/18/2016,177846.01
4/15/2016,176709.2
4/12/2016,180600.9755
4/11/2016,179975.73
4/8/2016,178018.69
4/7/2016,176392.62
4/6/2016,176787.6255
4/5/2016,176270.305
4/4/2016,175334.955
4/1/2016,176953.1105
3/31/2016,176679.7005
3/30/2016,178063.875
3/29/2016,175485.3305
3/28/2016,174234.5413
3/24/2016,175202.5113
3/23/2016,179084.1829
3/21/2016,180321.09
3/18/2016,181760.09
3/17/2016,180702.425
3/16/2016,177317.591
3/15/2016,176673.225
3/14/2016,180600.9755
3/11/2016,184523.7413
3/10/2016,180130.7807
3/9/2016,180597.7545
3/8/2016,183199.09
3/4/2016,181787.1656
3/3/2016,178804.8162
3/2/2016,176636.1159
3/1/2016,179291.1757
2/29/2016,176876.9562
2/26/2016,178082.7255
2/25/2016,177616.3694
2/24/2016,176730.9793
2/23/2016,174999.9904
2/19/2016,176602.11
2/18/2016,173903.15
2/17/2016,173040.231
2/16/2016,172935.1131
2/15/2016,176002.7446
2/12/2016,178058.1478
2/11/2016,173622.545
2/10/2016,171579.165
2/9/2016,171661.2504
2/8/2016,167758.2265
2/5/2016,166259.5578
2/3/2016,162419.2105
2/2/2016,162226.4738
2/1/2016,161311.9
1/29/2016,160529.2603
1/28/2016,161164.864
1/27/2016,161285.5816
1/26/2016,159846.0911
1/25/2016,158333.17
1/22/2016,158188.5505
1/21/2016,158324.0206
1/20/2016,157114.0797
1/19/2016,156956.5374
1/18/2016,156989.6548
1/14/2016,157105.9157
1/13/2016,155826.0485
1/12/2016,157582.4629
1/11/2016,158874.4732
1/8/2016,158796.2628
1/7/2016,158331.7341
1/6/2016,155207.84
1/5/2016,155184.4858
1/4/2016,153507.5012
1/1/2016,152822.509
12/31/2015,153015.7719
12/30/2015,153982.5198
12/29/2015,154247.0284
12/28/2015,154134.3139
12/23/2015,154189.7187
12/22/2015,154716.2058
12/21/2015,153315.7149
12/18/2015,151484.4273
12/17/2015,153312.7431
12/16/2015,152638.9139
12/15/2015,152803.6777
12/14/2015,154150.6484
12/11/2015,152829.6352
12/10/2015,153780.3309
12/9/2015,154163.515
12/8/2015,153197.9607
12/7/2015,155407.1923
12/4/2015,152087.5964
12/3/2015,150522.2986
12/2/2015,153187.3727
12/1/2015,153616.6656
11/30/2015,150926.2789
11/27/2015,153094.9603
11/26/2015,153262.9559
11/24/2015,152738.933
11/23/2015,152459.4916
11/20/2015,154174.6454
11/19/2015,153455.7704
11/18/2015,151885.0426
11/17/2015,154112.8495
11/16/2015,155136.5138
11/13/2015,153732.0576
11/12/2015,154546.4881
11/11/2015,154970.0821
11/9/2015,154711.1945
11/6/2015,156934.9254
11/5/2015,156819.7196
11/4/2015,158333.5129
11/3/2015,160128.1341
11/2/2015,160814.9254
10/30/2015,161538.0497
10/29/2015,163635.9117
10/28/2015,164680.2028
10/26/2015,164243.6864
10/23/2015,164931.795
10/22/2015,164343.1347
10/21/2015,166008.0883
10/20/2015,164663.7863
10/19/2015,165650.7861
10/16/2015,166228.3504
10/15/2015,166316.0396
10/14/2015,164685.7591
10/13/2015,162442.4899
10/12/2015,162490.3533
10/9/2015,160728.0625
10/8/2015,160774.8253
10/7/2015,161959.6559
10/6/2015,160487.2945
10/5/2015,160768.1198
10/2/2015,157134.843
10/1/2015,157574.1044
9/30/2015,158922.9959
9/29/2015,160064.5364
9/28/2015,161494.2058
9/25/2015,162129.6616
9/23/2015,158372.5436
9/22/2015,159705.2786
9/21/2015,159858.1212
9/18/2015,158873.4599
9/17/2015,157863.6855
9/16/2015,154758.024
9/15/2015,154792.9493
9/14/2015,154196.2122
9/11/2015,154559.3532
9/10/2015,153690.7741
9/9/2015,155422.371
9/8/2015,154177.0681
9/7/2015,155032.8544
9/4/2015,151606.5513
9/3/2015,152421.4525
9/2/2015,153100.6775
9/1/2015,153356.9
8/31/2015,152342.5335
8/28/2015,151656.575
8/27/2015,151401.69
8/26/2015,152715.6325
8/25/2015,155019.6
8/24/2015,155748.2
8/21/2015,155578.41
8/20/2015,151905.8062
8/19/2015,149818.7
8/18/2015,149825.4
8/17/2015,149465.875
8/14/2015,149117.735
8/13/2015,150217.26
8/12/2015,148609.625
8/11/2015,147165.125
8/10/2015,146228.875
8/7/2015,145680.5
8/6/2015,144825.5628
8/5/2015,144966.8899
8/4/2015,144787.425
8/3/2015,146057.532
7/30/2015,146151.052
7/29/2015,146512.44
7/28/2015,146307.91
7/27/2015,146840.0741
7/24/2015,144312.3155
7/23/2015,146828.0222
7/22/2015,146635.1408
7/21/2015,147698.1405
7/20/2015,148373.1651
7/17/2015,153180.93
7/16/2015,153410.1487
7/15/2015,154599.21
7/14/2015,154652.73
7/13/2015,155279.606
7/10/2015,155129.64
7/9/2015,154815.346
7/8/2015,154145.676
7/7/2015,156080.872
7/6/2015,156108.26
7/3/2015,155935.248
7/2/2015,156148.23
6/30/2015,157391.64
6/29/2015,158032.7315
6/26/2015,157108.6279
6/25/2015,157455.5055
6/24/2015,157586.91
6/23/2015,158952.69
6/22/2015,160859.655
6/19/2015,161012.489
6/18/2015,159114.9626
6/17/2015,158293.6094
6/16/2015,158891.9735
6/15/2015,158327.03
6/12/2015,158314.9862
6/11/2015,158732.5195
6/10/2015,157388.271
6/9/2015,157473.638
6/8/2015,157254.8619
6/5/2015,157760.3105
6/4/2015,158544.295
6/3/2015,159816.345
6/1/2015,159407.95
5/29/2015,159166.93
5/28/2015,159146.1755
5/27/2015,159126.76
5/26/2015,161181.3665
5/25/2015,161108.5
5/22/2015,161362.53
5/21/2015,162023.6765
5/20/2015,161454.1744
5/19/2015,162885.2685
5/18/2015,163027.8563
5/15/2015,162667.96
5/14/2015,161880.9
5/13/2015,159151.6913
5/12/2015,158027.0739
5/11/2015,158551.019
5/8/2015,157840.53
5/7/2015,158387.06
5/6/2015,159121.05
5/5/2015,157955.7518
4/30/2015,160058.115
4/29/2015,160848.87
4/28/2015,159715.6146
4/27/2015,157194.12
4/24/2015,158515.0949
4/23/2015,157796.7965
4/22/2015,159594.0058
4/21/2015,158923.4955
4/20/2015,160137.1905
4/17/2015,159297.2625
4/16/2015,160284.045
4/15/2015,158514.4473
4/10/2015,158828.1255
4/9/2015,159154.395
4/8/2015,160655.5005
4/7/2015,161313.3555
4/6/2015,161674.8906
4/2/2015,159958.44
4/1/2015,157832.04
3/31/2015,157579.53
3/30/2015,158580.2692
3/27/2015,159692.64
3/26/2015,159317.1975
3/25/2015,158123.7555
3/24/2015,157825.395
3/23/2015,157107.735
3/20/2015,155725.575
3/19/2015,155958.15
3/18/2015,152993.8155
3/17/2015,153546.015
3/16/2015,154124.13
3/13/2015,154117.485
3/12/2015,153074.22
3/11/2015,154868.37
3/10/2015,155114.235
3/9/2015,155618.5905
3/6/2015,159466.71
3/4/2015,160382.0305
3/3/2015,159307.23
3/2/2015,162470.25
2/27/2015,160802.355
2/26/2015,160509.975
2/25/2015,160741.4615
2/24/2015,159911.925
2/23/2015,159842.817
2/20/2015,160635.5655
2/19/2015,161610.296
2/18/2015,160462.24
2/16/2015,163596.32
2/13/2015,162772.96
2/12/2015,162347.336
2/11/2015,164364.951
2/10/2015,165021.264
2/9/2015,164539.2
2/6/2015,167384.369
2/5/2015,168217.89
2/2/2015,169246.406
1/30/2015,166624.88
1/29/2015,169234.7588
1/28/2015,170438.7994
1/27/2015,168566.628
1/26/2015,171098.4
1/23/2015,171372.0375
1/22/2015,170486.6855
1/21/2015,170548.289
1/20/2015,168128.5284
1/19/2015,168004.4
1/16/2015,165351.6058
1/13/2015,162157.7394
1/12/2015,160860.4343
1/9/2015,159022.5
1/8/2015,159153.0938
1/7/2015,159484.5595
1/6/2015,157813.59
1/2/2015,155222.9549
1/1/2015,155070.1657
12/31/2014,157631.1533
12/30/2014,155474.6555
12/29/2014,156754.4723
12/26/2014,155109.92
12/24/2014,154295.1037
12/23/2014,154292.2711
12/22/2014,156927.2765
12/19/2014,157077.1415
12/18/2014,156392.9054
12/17/2014,157009.6497
12/16/2014,156829.1579
12/15/2014,159505.6
12/12/2014,160587.072
12/11/2014,160994.6252
12/10/2014,160893.381
12/9/2014,157369.645
12/8/2014,156470.635
12/5/2014,157759.0146
12/4/2014,158261.1
12/3/2014,157176.42
12/2/2014,157875.935
12/1/2014,150889.6595
11/28/2014,155388.826
11/27/2014,156836.3806
11/26/2014,157186.9
11/25/2014,157038.189
11/24/2014,157383.4
11/21/2014,156086.5
11/20/2014,154763.4
11/19/2014,156264.7591
11/18/2014,155342.9653
11/17/2014,155522.7675
11/14/2014,152026.4025
11/13/2014,151861.4785
11/12/2014,152442.213
11/11/2014,151283.8003
11/10/2014,153675.4741
11/7/2014,149378.36
11/5/2014,152747.7475
11/4/2014,152505.0208
11/3/2014,152876.1421
10/31/2014,156802.9702
10/30/2014,158841.432
10/29/2014,160900.4487
10/28/2014,160960.149
10/27/2014,161023.2608
10/24/2014,160843.041
10/23/2014,162532.71
10/21/2014,162797.0878
10/20/2014,161454.25
10/17/2014,161735.04
10/16/2014,161998.9876
10/15/2014,160131.9773
10/14/2014,161163.975
10/13/2014,160890.771
10/10/2014,159217.7612
10/9/2014,159522.2917
10/7/2014,156944.8916
10/3/2014,158243.6242
10/2/2014,158841.7565
10/1/2014,157340.3176
9/30/2014,158641.5863
9/29/2014,158902.5158
9/26/2014,159502.4058
9/25/2014,158166.2725
9/24/2014,159137.224
9/23/2014,158637.7538
9/22/2014,158005.5382
9/19/2014,159231.8756
9/18/2014,159339.8926
9/17/2014,161224.8942
9/16/2014,161188.2786
9/15/2014,160478.904
9/12/2014,160722.7099
9/11/2014,162474.948
9/10/2014,163431.0801
9/9/2014,163628.85
9/5/2014,164493.0376
9/4/2014,165658.1675
9/3/2014,165040.6967
9/2/2014,167107.0431
9/1/2014,167500.928
8/29/2014,167816.392
8/28/2014,167460.8244
8/27/2014,167182.2928
8/26/2014,166478.3006
8/25/2014,166419.9854
8/22/2014,166493.7382
8/21/2014,167902.9581
8/20/2014,168686.8684
8/19/2014,169114.0428
8/18/2014,169150.5976
8/15/2014,170704.3647
8/14/2014,170816.3153
8/13/2014,170373.1435
8/12/2014,170145.152
8/11/2014,170132.9768
8/8/2014,171123.2506
8/7/2014,170168.5018
8/6/2014,167936.2592
8/5/2014,167862.6229
8/4/2014,168283.5937
8/1/2014,167204.2828
7/31/2014,168544.0829
7/30/2014,169193.0548
7/28/2014,169743.732
7/25/2014,168314.7246
7/24/2014,169168.4023
7/23/2014,170446.4169
7/22/2014,171027.0935
7/21/2014,170729.095
7/18/2014,171258.57
7/17/2014,169444.2391
7/16/2014,168752.334
7/15/2014,170154.9821
7/14/2014,173966.079
7/11/2014,174258.3089
7/10/2014,173147.9538
7/9/2014,171917.503
7/8/2014,171752.4371
7/7/2014,171529.3255
7/4/2014,171877.0505
7/3/2014,172270.1696
7/2/2014,172700.9454
7/1/2014,173056.1061
6/30/2014,171438.0783
6/27/2014,171697.9979
6/26/2014,171715.2849
6/25/2014,171364.4486
6/24/2014,171550.7972
6/23/2014,171054.7712
6/20/2014,170940.5087
6/19/2014,166274.3311
6/18/2014,165417.892
6/17/2014,165613.9736
6/16/2014,166847.1756
6/13/2014,165844.6323
6/11/2014,164446.737
6/10/2014,163378.9813
6/9/2014,163243.4327
6/6/2014,163460.2946
6/5/2014,162120.1174
6/4/2014,162385.7549
6/3/2014,162249.2295
6/2/2014,162669.9479
5/30/2014,164083.4409
5/29/2014,163925.3173
5/28/2014,164873.7293
5/27/2014,168604.0309
5/26/2014,168674.9055
5/23/2014,168676.135
5/22/2014,168464.9897
5/21/2014,168691.1774
5/20/2014,168652.0295
5/19/2014,168778.5605
5/16/2014,168979.5352
5/13/2014,168886.2138
5/12/2014,167939.5609
5/9/2014,168413.3045
5/8/2014,168500.12
5/7/2014,171334.14
5/6/2014,171052.697
5/5/2014,170734.2884
5/2/2014,167631.0625
4/30/2014,169167.1347
4/29/2014,169222.6177
4/28/2014,170451.2804
4/25/2014,168797.8999
4/24/2014,167966.3662
4/23/2014,167791.411
4/22/2014,168135.2011
4/21/2014,167866.71
4/17/2014,169938.3624
4/16/2014,169561.0045
4/11/2014,172368.8893
4/10/2014,171783.4316
4/9/2014,171241.3557
4/8/2014,169870.1365
4/7/2014,170155.4478
4/4/2014,168043.2332
4/3/2014,168820.783
4/2/2014,167739.3198
4/1/2014,167802.4625
3/31/2014,169523.7013
3/28/2014,169114.4063
3/27/2014,170487.204
3/26/2014,171413.9338
3/25/2014,171543.0561
3/24/2014,173180.9866
3/21/2014,174257.5021
3/20/2014,173821.5659
3/19/2014,177298.9139
3/18/2014,177664.8641
3/17/2014,180621.8827
3/14/2014,179565.3014
3/13/2014,179213
3/12/2014,177104.9428
3/11/2014,174969.543
3/10/2014,174115.5314
3/7/2014,176223.0406
3/6/2014,174670.4507
3/5/2014,174638.4913
3/4/2014,176433.7623
3/3/2014,175817.8053
2/28/2014,174486.5156
2/26/2014,175399.3479
2/25/2014,174696.6591
2/24/2014,173075.5667
2/21/2014,172710.2064
2/20/2014,171628.7483
2/19/2014,172341.1625
2/18/2014,173119.5504
2/17/2014,173601.4715
2/13/2014,169000.4737
2/12/2014,168304.016
2/11/2014,167921.997
2/10/2014,165895.0079
2/7/2014,164599.0151
2/6/2014,164184.0871
2/5/2014,164070.6784
2/3/2014,162744.8331
1/31/2014,162487.429
1/30/2014,165116.9157
1/29/2014,163903.5602
1/28/2014,164571.001
1/27/2014,166528.8633
1/24/2014,164864.6509
1/23/2014,161321.4115
1/22/2014,162489.9729
1/21/2014,163813.2104
1/20/2014,164318.5594
1/17/2014,162518.515
1/16/2014,162141.3283
1/13/2014,163626.9605
1/10/2014,160949.3095
1/9/2014,160417.0856
1/8/2014,160678.0742
1/7/2014,162412.0626
1/6/2014,162422.8858
1/3/2014,160947.6364
1/2/2014,158636.7799
1/1/2014,157671.425
12/31/2013,156651.9005
12/30/2013,158194.425
12/27/2013,158265.4776
12/26/2013,157615.3271
12/24/2013,156666.1223
12/23/2013,157241.9078
12/20/2013,156208.1657
12/19/2013,159664.242
12/18/2013,161469.1434
12/17/2013,162328.6508
12/13/2013,160608.5613
12/12/2013,164129.7291
12/11/2013,164684.1119
12/10/2013,162108.9649
12/9/2013,160894.3142
12/6/2013,160682.6317
12/5/2013,162114.6901
12/4/2013,159874.7102
12/3/2013,160195.1989
12/2/2013,163672.447
11/29/2013,163061.92
11/28/2013,162531.1074
11/27/2013,163274.5368
11/26/2013,164294.8182
11/25/2013,162872.085
11/22/2013,163254.897
11/21/2013,163606.245
11/20/2013,167113.17
11/19/2013,166908.4701
11/18/2013,168706.035
11/15/2013,169151.775
11/14/2013,168286.818
11/13/2013,166481.6897
11/12/2013,167832.2318
11/11/2013,168666.705
11/8/2013,171528.618
11/7/2013,172623.6394
11/6/2013,172002.5445
11/5/2013,172753.7937
11/4/2013,172241.742
11/1/2013,173210.6714
10/31/2013,175462.9007
10/30/2013,175788.4527
10/29/2013,177723.5815
10/28/2013,176377.5207
10/25/2013,175563.3138
10/24/2013,174639.6037
10/23/2013,175599.5405
10/22/2013,172237.5676
10/21/2013,172959.1764
10/17/2013,167852.5716
10/15/2013,166806.1534
10/14/2013,166513.997
10/11/2013,169258.4247
10/10/2013,171113.5925
10/9/2013,172781.3688
10/8/2013,173961.7352
10/7/2013,172237.1441
10/4/2013,172706.0151
10/3/2013,172676.4196
10/2/2013,169871.1072
10/1/2013,175297.6862
9/30/2013,176913.7974
9/27/2013,174822.8602
9/26/2013,175874.3464
9/25/2013,175023.3149
9/24/2013,175250.223
9/23/2013,174323.98
9/20/2013,180335.4388
9/18/2013,171243.9125
9/17/2013,173781.7562
9/16/2013,175681.7402
9/13/2013,175576.1873
9/12/2013,180287.7204
9/11/2013,181234.3676
9/10/2013,184033.275
9/9/2013,184704.043
9/6/2013,182540.5673
9/5/2013,185218.5506
9/4/2013,187948.95
9/3/2013,185149.3
9/2/2013,184784.16
8/30/2013,187258.4726
8/29/2013,187583.2
8/28/2013,187791.5875
8/27/2013,184469.34
8/26/2013,183863.7704
8/23/2013,181289.9425
8/22/2013,179772.2163
8/21/2013,180495.322
8/19/2013,181727.7933
8/16/2013,179834.703
8/15/2013,176787.0947
8/14/2013,174079.822
8/13/2013,175620.2
8/12/2013,175052.8611
8/8/2013,170066.68
8/7/2013,168234.2252
8/6/2013,171118.2579
8/5/2013,173007.94
8/2/2013,172099.9
8/1/2013,174574.1388
7/31/2013,175653.1
7/30/2013,174680.7692
7/29/2013,174625.962
7/4/2013,163680.3517
6/25/2013,165775.0983
6/21/2013,165815.3014
6/12/2013,175386.9894
6/7/2013,178800.7768
6/6/2013,177075.7045
5/20/2013,170019.2865
5/10/2013,184001.4049
5/8/2013,183605.3685
5/6/2013,186656.4726
4/5/2013,195399.4272
3/8/2013,200885.3964
2/1/2013,210177.2315
1/31/2013,212176.8943
1/30/2013,210839.6395
1/28/2013,210871.0503
1/24/2013,213769.7806
1/16/2013,212591.5537
1/15/2013,210452.2835
1/11/2013,210699.68
1/10/2013,209296.0912
1/9/2013,210937.5578
1/8/2013,210080.0436
1/7/2013,211543.0037
1/3/2013,214914.1268
1/2/2013,213950.1933
1/1/2013,211901.3764
11/20/2012,225659.1186
11/19/2012,223948.3034
11/16/2012,222926.4185
11/15/2012,224910.3133
11/14/2012,225690.9882
11/12/2012,226694.2815
11/9/2012,227129.5198
11/7/2012,223433.2373
11/6/2012,219493.2555
11/5/2012,218893.7725
11/2/2012,223305.6834
11/1/2012,223696.5191
10/31/2012,222535.0514
10/30/2012,222182.8667
10/26/2012,223045.4627
10/25/2012,222175.1002
10/24/2012,222587.9239
10/23/2012,223730.2033
10/22/2012,222186.8253
10/19/2012,224028.0319
10/18/2012,225280.6542
10/16/2012,222866.6602
10/15/2012,224017.2175
10/12/2012,227632.2832
10/11/2012,226347.7252
10/10/2012,226252.7482
10/9/2012,228025.468
10/8/2012,227390.2753
10/5/2012,232853.3521
10/4/2012,230058.4484
10/3/2012,228877.1892
10/2/2012,229567.4682
10/1/2012,228028.5074
9/28/2012,231040.3437
9/27/2012,229913.1425
9/26/2012,231030.0431
9/25/2012,231603.8633
9/24/2012,231405.3751
9/21/2012,233081.9157
9/20/2012,233033.7662
9/19/2012,233292.159
9/18/2012,231935.8712
9/17/2012,234651.5483
9/14/2012,233685.389
9/13/2012,228421.8129
9/12/2012,229420.7404
9/11/2012,228980.4084
9/7/2012,224281.6541
9/6/2012,224565.8503
7/10/2012,211596.6313
7/6/2012,214749.0763
7/2/2012,212927.7393
6/29/2012,207447.6408
6/27/2012,209460.6057
6/25/2012,209145.4725
6/22/2012,207602.5806
6/20/2012,214764.4628
6/18/2012,213841.0467
6/15/2012,214864.2404
6/13/2012,212825.0746
6/11/2012,208331.3771
6/8/2012,204065.8466
4/4/2012,208229.6661
3/2/2012,210368.1563
3/1/2012,209527.0467
2/29/2012,216416.253
2/28/2012,213255.2465
2/27/2012,212972.3052
2/24/2012,211822.3217
2/23/2012,210496.2499
2/22/2012,207963.2912
2/21/2012,205629.3288
2/17/2012,206792.0054
2/16/2012,206427.9794
2/15/2012,205487.9087
2/14/2012,199363.5194
2/13/2012,198446.5492
2/8/2012,199687.9649
2/6/2012,197715.3499
2/3/2012,200115.9022
2/2/2012,199356.3695
2/1/2012,198105.7482
1/31/2012,197843.7305
1/30/2012,197471.275
1/27/2012,195662.5455
1/26/2012,194942.9216
1/24/2012,190998.91
1/23/2012,190132.7005
1/20/2012,188485.857
1/19/2012,189592.245
1/18/2012,187564.1663
1/17/2012,188478.9993
1/13/2012,187176.9955
1/12/2012,187237.0103
1/11/2012,186180.94
1/10/2012,184028.23
1/9/2012,183082.86
1/6/2012,184978.9702
1/5/2012,183976.975
1/4/2012,182279.865
1/3/2012,179881.9541
1/2/2012,177792.0489
12/16/2011,180155.0605
12/15/2011,179124.835
12/14/2011,186170.5307
12/13/2011,188928.1416
12/12/2011,194671.6723
12/9/2011,195333.8145
12/8/2011,197911.5492
12/7/2011,196921.1405
12/6/2011,195924.5155
12/5/2011,199079.5455
12/2/2011,198373.935
12/1/2011,199055.3674
11/24/2011,193055.8745
11/14/2011,197494.93
11/9/2011,197621.66
10/21/2011,179339.48
10/20/2011,179566.9271
10/19/2011,183220.4862
10/18/2011,184236.1908
10/17/2011,185306.81
10/13/2011,185215.746
10/12/2011,183477.3176
10/5/2011,178692.9618
10/4/2011,183117.346
10/3/2011,180159.0039
9/30/2011,179871.9112
9/29/2011,176946.9059
9/28/2011,180802.3889
9/26/2011,180714.9685
9/23/2011,192580.5571
9/22/2011,195446.1342
9/20/2011,196258.755
9/19/2011,200551.456
9/16/2011,195512.5408
9/15/2011,199725.5171
9/14/2011,202913.7495
9/13/2011,201639.0114
9/12/2011,203623.8763
9/8/2011,202375.1378
9/7/2011,206261.6424
9/6/2011,209042.4977
9/5/2011,206763.3795
9/1/2011,200457.2352
8/30/2011,197378.9863
8/29/2011,199781.6079
8/24/2011,203795.594
8/23/2011,208846.3059
8/22/2011,205607.8521
8/19/2011,201441.9606
8/18/2011,196747.9255
8/16/2011,193659.9377
8/15/2011,191364.504
8/12/2011,193074.1693
8/11/2011,195735.9537
8/10/2011,192599.5095
8/9/2011,191469.0317
8/8/2011,185999.1214
8/5/2011,180964.5092
8/4/2011,182249.3894
8/3/2011,181384.4468
8/2/2011,177369.9786
8/1/2011,176463.565
7/29/2011,176986.9662
7/28/2011,176799.3442
7/27/2011,177672.1388
7/26/2011,176763.7234
7/25/2011,176526.8948
7/22/2011,174124.944
7/21/2011,175351.8217
7/20/2011,174099.3645
7/19/2011,175431.8334
7/18/2011,174372.9473
7/15/2011,173600.92
7/13/2011,171670.2913
7/12/2011,170069.925
7/11/2011,169033.8307
7/8/2011,167754.5475
7/7/2011,167359.4943
7/6/2011,165732.3049
7/5/2011,163956.5823
7/4/2011,163251.2058
7/1/2011,164129.6207
6/30/2011,165724.2911
6/29/2011,165074.5742
6/27/2011,164578.7875
6/24/2011,166820.3943
6/23/2011,169397.2298
6/21/2011,168918.8847
6/17/2011,167407.8777
6/16/2011,167239.1298
6/14/2011,166296.6492
6/13/2011,167775.7756
6/9/2011,168250.9873
6/8/2011,168628.5322
6/7/2011,169100.9332
6/6/2011,169542.6667
6/3/2011,168205.4898
6/2/2011,168775.4856
6/1/2011,168020.8988
5/31/2011,168769.1949
5/30/2011,168714.236
5/24/2011,166647.9624
5/23/2011,165931.2744
5/20/2011,164251.5792
5/19/2011,164468.5658
5/16/2011,163720.5706
5/13/2011,164960.0167
5/12/2011,165067.7325
5/11/2011,167023.0265
5/10/2011,165804.311
5/9/2011,164336.714
5/6/2011,163279.8237
5/5/2011,166546.5838
5/4/2011,168228.6217
5/3/2011,169361.3457
4/29/2011,168577.6515
4/28/2011,168392.7816
4/26/2011,165041.5549
4/25/2011,166560.0585
4/21/2011,166244.2114
4/20/2011,165284.7273
4/19/2011,164626.9959
4/18/2011,163904.0535
4/12/2011,160916.463
4/11/2011,162576.5299
4/6/2011,160241.5584
4/5/2011,158632.8593
4/4/2011,157708.2021
4/1/2011,157966.9242
3/31/2011,157397.6449
3/30/2011,156357.6788
3/29/2011,156458.4548
3/28/2011,157524.7237
3/25/2011,158131.6144
3/24/2011,158778.162
3/23/2011,157661.1166
3/22/2011,157864.8777
3/21/2011,157569.1564
3/18/2011,155523.8072
3/17/2011,153487.8101
3/16/2011,154210.884
3/15/2011,156638.2852
3/11/2011,155821.6576
3/10/2011,157215.954
3/7/2011,158747.1171
2/28/2011,156558.6208
2/18/2011,153606.9201
2/15/2011,151522.4331
2/14/2011,150723.9314
2/11/2011,151489.7475
2/10/2011,151110.7086
2/9/2011,151261.0255
2/8/2011,149891.2087
2/7/2011,149481.8615
1/31/2011,148825.4982
1/28/2011,145569.0589
1/27/2011,149250.2592
1/26/2011,148041.4667
1/25/2011,147864.0389
1/24/2011,149841.0115
1/21/2011,149467.8598
1/20/2011,151674.4725
11/25/2010,152387.1824
11/24/2010,153272.6444
11/16/2010,151716.6616
11/15/2010,153187.146
11/12/2010,155882.88
11/11/2010,157137.2994
11/10/2010,156365.8692
11/9/2010,157133.5623
10/13/2010,151613.9258
9/27/2010,145591.2093
9/21/2010,143904.6413
9/15/2010,142794.6853
9/14/2010,140727.0854
8/31/2010,139433.7831
8/27/2010,139220.1808
8/13/2010,136507.4365
7/30/2010,131376.5049
7/19/2010,134506.5268
7/14/2010,137109.7622
7/1/2010,140839.869
6/22/2010,140534.6525
6/15/2010,138580.5544
6/14/2010,139614.4402
6/2/2010,139221.1373
6/1/2010,138925.9756
5/14/2010,140514.52
5/13/2010,140790.1394
5/12/2010,139577.2499
5/11/2010,136684.5647
5/7/2010,136459.7395
